S.No.,Name,Time
1,Osama,7.58558464050293
2,Osama,8.281638145446777
3,Osama,8.595675945281982
4,Osama,8.982328414916992
5,Osama,9.177168607711792
6,Osama,9.779383182525635
7,Osama,10.224453687667847
8,Osama,10.359277248382568
